user_id,username,tweet,ticker,stock_name
1214259159337558017,zeynptsl,En son a≈üƒ±k olduƒüumda Edison Tesla'nƒ±n icatlarƒ±nƒ± √ßalƒ±yordu,TSLA,Tesla
845768985907998722,emimartingamez,"RT @rafapal: Donald Trump liber√≥ antes de ayer una patente de energ√≠a libre de Tesla, 1888. El ser humano recobra la libertad!!!",TSLA,Tesla
2245344494,lavry84,"RT @NassimHaramein: Tesla knew... 

#Tesla #NikolaTesla #unifiedfield #planckfield #zeropointfield #quantumvacuum #energy #frequency #vibra‚Ä¶",TSLA,Tesla
4220715161,Marc_McLovin,"$TSLA  tesla going to zero.... repeatedly hehe
  
üòÇüòÇüòÇ https://t.co/migpct3rN4",TSLA,Tesla
2228092667,TheSoleBoard,"so i guess everyone in snkr twitter either has a tesla or is getting a tesla, no more bmw for me then...",TSLA,Tesla
4925782330,drmattglass,Tesla CEO Elon Musk calls stay-at-home orders 'fascist' https://t.co/AdnW3LGBp6,TSLA,Tesla
4090714941,deralte_hase,"Es ist Sonntag, ca. 17:45. Die Studenten mit ihren Rollk√∂fferchen verlassen das Bahnhofsgeb√§ude. Niemand tr√§gt eine‚Ä¶ https://t.co/BzccoJjbbS",TSLA,Tesla
1119874094202273792,dinukawn,@Glazingshard ‡∂ï‡∂ö ‡∂∏‡∂Ç ‡∂â‡∑É‡∑ä‡∑É‡∑ô‡∂Ω‡∑ä‡∂Ω‡∑è ‡∂¥‡∑ä‚Äç‡∂ª‡∑ú‡∂¢‡∑ô‡∂ö‡∑ä‡∂ß‡∑ä ‡∂ë‡∂ö‡∂ö ‡∑Ñ‡∑ê‡∂Ø‡∑î‡∑Ä ‡∂ß‡∑ô‡∑É‡∑ä‡∂Ω‡∑è ‡∂ö‡∑ú‡∂∫‡∑í‡∂Ω‡∑ä ‡∂ë‡∂ö ‡∂∏‡∂†‡∂Ç.‡∂≠‡∑Ä ‡∂¥‡∑ä‚Äç‡∂ª‡∑ú‡∂¢‡∑ô‡∂ö‡∑ä‡∂ß‡∑ä ‡∂ë‡∂ö‡∂ö ‡∑Ä‡∑ê‡∂©‡∂ö‡∂ß ‡∂¥‡∑ú‡∂©‡∑ä‡∂©‡∂ö‡∑ä ‡∂ë‡∂Ω‡∑í‡∂∫‡∂ß ‡∂ú‡∂≠‡∑ä‚Ä¶ https://t.co/XG9lMVRjHt,TSLA,Tesla
596780921,BilalCigdem,@elonmusk @elonmusk Why tesla car can't generate electricity?,TSLA,Tesla
1247886976977518592,mcmacker1,@ex_Tesla @gwestr @KingPickleRick1 I do the same thing when I drive. People ask me why I'm stopping at green lights‚Ä¶ https://t.co/PXMM5ej692,TSLA,Tesla
1254458068240195584,HolcKarina,RT @SanderRGerber: Tesla‚Äôs recent secondary offering head bookrunned by @GoldmanSachs was priced at $767. Today CEO Musk says $TSLA stock t‚Ä¶,TSLA,Tesla
3005952009,OppayahTwitR,"@NuovaRealta @Arete_LLC @GerberKawasaki @elonmusk Furthermore, it affects furloughed Tesla employees who are also‚Ä¶ https://t.co/ynEIbwxoUu",TSLA,Tesla
1120397350764150784,actutesla,@_Max_lG Ce n‚Äôest pas ce qu‚Äôen disent 98% des propri√©taires (excusez du peu ;)) https://t.co/BVdxWNDr0T,TSLA,Tesla
1074994393,GuarnizAdrian,"La bater√≠a Tesla que permitir√° 1,6 millones de kil√≥metros de vida √∫til https://t.co/0jwCnSneft https://t.co/bNIZWsKQnp",TSLA,Tesla
790614393528737797,DavidSanchezTIC,"La bater√≠a Tesla que permitir√° 1,6 millones de kil√≥metros de vida √∫til https://t.co/h7tfBDTiPd https://t.co/Br8U2qHPAW",TSLA,Tesla
536628383,Phillip_Cruise,https://t.co/m2IZUXhp2I,TSLA,Tesla
2219884433,jimmywvu,RT @ReutersTech: Tesla applies to become UK electricity provider: The Telegraph https://t.co/TlhglMS8pk https://t.co/hhWLUGFPij,TSLA,Tesla
20947726,dipanptl,@elonmusk @Tesla Can you add feature of automatic closing window/vents in event of sudden rain using rain sensor in‚Ä¶ https://t.co/xKxcjqXTLx,TSLA,Tesla
3138212854,YYankori,RT @SIimeSeason2: We Stan Tesla Man now https://t.co/StocOErkSb,TSLA,Tesla
856223402,TomasFriedhoff,"@LennertGoemans @BramFokke @LEGO_Group Kijk, ik zie mogelijkheden: gelijk Vehicle2Grid met een elektrisch mini-auto‚Ä¶ https://t.co/tiwYgJjtGI",TSLA,Tesla
1229647526,mongmong_2307,RT @sluggishgods: (‡∏™‡∏õ‡∏≠‡∏¢‡∏•‡πå) ‡∏Å‡πá‡∏Ñ‡∏∑‡∏≠‡πÄ‡∏´‡πá‡∏ô‡∏Ñ‡∏ô‡∏™‡∏ô‡πÉ‡∏à‡πÄ‡∏¢‡∏≠‡∏∞‡∏°‡∏≤‡∏Å555 ‡∏à‡∏∞‡∏°‡∏≤‡∏•‡∏á‡∏î‡∏µ‡πÄ‡∏ó‡∏•‡πÄ‡∏£‡∏∑‡πà‡∏≠‡∏á free energy(‡∏û‡∏•‡∏±‡∏á‡∏á‡∏≤‡∏ô‡∏ü‡∏£‡∏µ) ‡πÄ‡∏õ‡πá‡∏ô‡∏Ç‡∏≠‡∏á nicholas tesla theory ‡∏ó‡∏µ‡πà‡∏Ñ‡∏¥‡∏î‡∏°‡∏≤‡πÑ‡∏î‡πâ‡∏ï‡∏±‡πâ‚Ä¶,TSLA,Tesla
1255895713004892166,AO2000_,@SaltedSeabass @SteveCG101 @elonmusk ‚ÄúMost software for autonomous cars.‚Äù Hmmm as an investor you should know a little more about Tesla... üò¨,TSLA,Tesla
2245040513,vicky_rockfort,"RT @TheWeirdHistory: Nikola Tesla as a swimming instructor in NY, 1900. https://t.co/rMDkbdaSLQ",TSLA,Tesla
18721974,dinoserpe,@Losca71 @Staserabrodino A meno che tu abbia una Tesla,TSLA,Tesla
50474739,scidood,"@Rancho_Dunbar @ghost_scot @Tesla @elonmusk 3 months of back and forth sounds lousy, but not excruciatingly terribl‚Ä¶ https://t.co/l32rp6Q6bc",TSLA,Tesla
2927141270,berrieboyd,"RT @LauraWesterberg: @wyatt1070 Time travel...yes. How did this artist, a friend of our President's Uncle John Trump (who was a good friend‚Ä¶",TSLA,Tesla
981124131419840513,TheDukeIta,RT @cleantechnica: Tesla CEO Elon Musk Said 7 Years Ago The TSLA Stock Price Seemed A Bit¬†High https://t.co/9PkOBW2XGV,TSLA,Tesla
3187843576,BiggshowKF,@BethesdaStudios @BethesdaSupport @Fallout sooooo... when's VATs going to be fixed? Gun slinger builds are useless‚Ä¶ https://t.co/VN44UHrUaC,TSLA,Tesla
1512539876,pureearthpaint,"RT @LauraWesterberg: @wyatt1070 Time travel...yes. How did this artist, a friend of our President's Uncle John Trump (who was a good friend‚Ä¶",TSLA,Tesla
1234615325141995521,MaximilianoMic7,"RT @rafapal: Donald Trump liber√≥ antes de ayer una patente de energ√≠a libre de Tesla, 1888. El ser humano recobra la libertad!!!",TSLA,Tesla
3377759451,just_like_joshu,@engineers_feed @elonmusk when Tesla gonna do this then electric ofcourse,TSLA,Tesla
918885665311469569,KahyaYahya58,"RT @AliPersembe: Corona‚Äônƒ±n kapattƒ±ƒüƒ± bazƒ± ≈üirketler hi√ßbir zaman a√ßƒ±lmayacak.

Havayollarƒ± ≈üirketlerinden tamamen √ßƒ±ktƒ±k.

Hayƒ±r, Tesla al‚Ä¶",TSLA,Tesla
529421838,MikeOnMachines,"RT @CCJnow: Tesla says it is ‚Äúshifting our first Semi deliveries to 2021,‚Äù putting production on Tesla‚Äôs biggest vehicle two years behind s‚Ä¶",TSLA,Tesla
1052313159195942912,flatley_bill,@spotted_model @Mikerrr8 @Tesla @elonmusk @Model3Owners @TeslaNY @bonnienorman Awesome. How expensive is a wrap?,TSLA,Tesla
818930552099270657,Slaxito,@SourceLocator Reddit on their way to a Tesla Shop after they saw that Minecraft could be on a Tesla: https://t.co/PJ1rW33IHq,TSLA,Tesla
1072083211138797569,elektrischryden,We zijn ook te volgen op Facebook voor het laatste nieuws en gekke weetjes over #elektrischrijden #EV #Tesla‚Ä¶ https://t.co/8d5N4mpxrF,TSLA,Tesla
3176785954,CharismaticKay,@iloveyoubhanoyi @ranks014 The other day Elon tweeted that Tesla‚Äôs stock prices are too high and within hours Tesla‚Ä¶ https://t.co/Ezd07uCI3H,TSLA,Tesla
1581674342,kodywsmith,"Posting a photo of @elonmusk photoshopped onto Kaguya Shinomiya‚Äôs body every day until he gives me a Tesla-
Day 318 https://t.co/XthUwWJUi7",TSLA,Tesla
864411241,ShanghaiBeat,Tesla cuts price for China-made Model 3 cars by 10% to qualify for subsidies - https://t.co/iNyzCFtkqy #Shanghai #China #‰∏äÊµ∑,TSLA,Tesla
828745459871145985,joelowkeylitty,RT @elonmusk: Tesla stock price is too high imo,TSLA,Tesla
1038789830140932096,FarinElAssassin,"RT @DreamWasTaken: @elonmusk Could easily get a Minecraft multiplayer working on Tesla‚Äôs, have lots of creative ideas already. Could even t‚Ä¶",TSLA,Tesla
85590450,WSJMag,"‚ÄúMy faith lies in making art,‚Äù Richard Serra says. ‚ÄúArt begins with an immediate sensation, and then it refers back‚Ä¶ https://t.co/M6Ej0cqV8A",TSLA,Tesla
1168179126659928064,salikolsun,Bende yok elektrik git tesla yƒ± bul,TSLA,Tesla
1008702326792744960,SussexEVs,RT @raimonick: Got questions about v2g? Want to join discussion about Tesla applying to be an energy supplier? Then see me 7pm Tonight!,TSLA,Tesla
158922698,p00din,RT @bIondiewasabi: elon musk rolled out of bed n just sent out a tweet absentmindedly about tesla stock price and wiped out half of someone‚Ä¶,TSLA,Tesla
1244888002066894849,pontinovitz,"RT @vincent13031925: Tesla Reached 1,000 Solar Roof Production In A Single Week, Exceeding 4MW https://t.co/hW5WPdv6np",TSLA,Tesla
1244888002066894849,pontinovitz,RT @elonmusk: Tesla stock price is too high imo,TSLA,Tesla
998961490274258944,NickYannone,@calicrats @elonmusk The only thing hurting Tesla is their garbage balance sheet,TSLA,Tesla
4690507813,EverGreen5566,"@WCLBlogAuthor „ÅÇ„Çä„Åå„Å®„ÅÜ„Åî„Åñ„ÅÑ„Åæ„ÅôÔºÅ
„Å™„Çì„Åß„ÇÇ„Åã„Çì„ÅßÂá∫Êù•„Å°„ÇÉ„ÅÜË°ùÊíÉ„ÅÆËªä„Åß„Åä„Çπ„Çπ„É°„Åß„ÅôÔºÅ
„ÇÇ„Åó„ÅîË≥ºÂÖ•„Åï„Çå„ÇãÂ†¥Âêà„ÅØ„ÄÅÊòØÈùû‰∏ãË®ò„É™„É≥„ÇØ„Çà„ÇäÁ¥π‰ªã„Ç≥„Éº„Éâ„Åä‰Ωø„ÅÑ‰∏ã„Åï„ÅÑ„Åæ„ÅõÔºÅ

ÁßÅ„ÅÆÁ¥π‰ªã„É™„É≥„ÇØ„Åã„ÇâTesla„ÅÆÊñ∞Ëªä„ÇíË≥ºÂÖ•„Åô„Çã„Å®1,5‚Ä¶ https://t.co/z43SSGRwQw",TSLA,Tesla
704411305747283969,UDLernerCollege,"In this @CNBC article, @UDelaware #governance Professor Charles Elson shared his doubts that Tesla‚Äôs board members‚Ä¶ https://t.co/GktKaPKnnW",TSLA,Tesla
891557426754932736,Electroshock00,"RT @Electroshock00: Hoy en el podcast de @pasa_electrico :
- Nuevo chasis en el Tesla Model Y
- Apisonadora el√©ctrica en Pa√≠ses Bajos
- Nue‚Ä¶",TSLA,Tesla
46206150,_Tom_Pappas,"‚ÄúElon Musk, the billionaire and prolific Twitter user, is rethinking his attachment to the material world ‚Äì and sai‚Ä¶ https://t.co/2XJcStjoxJ",TSLA,Tesla
747666057603743745,PDigitalPeru,"RT @rafapal: Donald Trump liber√≥ antes de ayer una patente de energ√≠a libre de Tesla, 1888. El ser humano recobra la libertad!!!",TSLA,Tesla
1640558408,MrsAllonsy,"@calmsnowflake Nikola Tesla'nƒ±n ≈üu s√∂zlerini bƒ±rakƒ±r usulca ka√ßarƒ±m. üòÖ 
""Nefretiniz elektriƒüe d√∂n√º≈üt√ºr√ºlebilseydi,‚Ä¶ https://t.co/bCVaqMT5bJ",TSLA,Tesla
95631180,Chainlink_INFO,"Monitoring #Chainlink nodes on a Tesla screen. Not bad, eh?üòù https://t.co/g68UDP7iVo",TSLA,Tesla
1194082377200537600,YourPalWill_,RT @elonmusk: Tesla stock price is too high imo,TSLA,Tesla
39544567,viccxd08,"RT @Johnny_boi_97: World's ""FASTEST"" Gaming PC!"" @MKBHD @Tesla @ORIGINPC https://t.co/qC7gFb7BVr",TSLA,Tesla
16695075,rogerjva,"@six_2_and_even Inside the center console of every Tesla you will see, carved there, the word CROATOAN",TSLA,Tesla
374431145,1sthand2,@KingPickleRick1 @Rancho_Dunbar @RealPontane @Tesla @elonmusk Well we all know Tesla loses massive amounts but just‚Ä¶ https://t.co/2xev1F902f,TSLA,Tesla
748198065991913473,Web_Playz,@sudzam @tesla_raj @slye @teslaownersSV A company called Roadie has a device that‚Äôs a raspberry pie with a sd card‚Ä¶ https://t.co/PNv8TswvUk,TSLA,Tesla
1127335546802434048,TiffanyPhoto1,"Interesting Mark Browning, of 16 followers one is @thirdrowtesla 

... w all the ‚Äòpromoters‚Äô connected there &amp; they‚Ä¶ https://t.co/gljV1Nohep",TSLA,Tesla
1047103322929418240,Marcelo19674535,"RT @LauraWesterberg: @wyatt1070 Time travel...yes. How did this artist, a friend of our President's Uncle John Trump (who was a good friend‚Ä¶",TSLA,Tesla
19479649,sbalatan,"RT @Marshmall0wpeep: So if Elon gets his bonus tomorrow, GAAP accounting would mark it as a 1+ billion dollar expense for Tesla? $tsla $tsl‚Ä¶",TSLA,Tesla
1139310453987745792,thirdrowtesla,"Green‚Äôs discovery that they may be uploading sentry clips when there‚Äôs an alarm hints this will come eventually

El‚Ä¶ https://t.co/lEr1TdphzI",TSLA,Tesla
735795589523361792,hp710723,@GerberKawasaki @stkusayer is that a pair trade with Tesla which is the exact opposite and now even your hero claim‚Ä¶ https://t.co/EamhQNEr9s,TSLA,Tesla
754568996,Derplodocus,RT @elonmusk: Tesla stock price is too high imo,TSLA,Tesla
987055289668161536,Cristia23134890,"@Oscar49554084 @rafapal Nicola Tesla ten√≠a la patente de la energ√≠a libre si mal no recuerdo.
Hay much√≠sima informa‚Ä¶ https://t.co/T6YIZv00LL",TSLA,Tesla
571873451,Woahhitsashlee,i get to drive a fucking tesla today,TSLA,Tesla
281243826,Eddie79_Spain,"RT @rafapal: Donald Trump liber√≥ antes de ayer una patente de energ√≠a libre de Tesla, 1888. El ser humano recobra la libertad!!!",TSLA,Tesla
1899045906,Trackalytics,".@tesla is #Trending today with +7,377 New #Followers Today.  #smm #socialmedia #Trackalytics https://t.co/SpcmMzBRgv",TSLA,Tesla
1226206772261728257,Elon_Musk_Bot,"#elonmusk #tesla @elonmusk @Tesla @SpaceX It would take six months to get to Mars if you go there slowly, with opti‚Ä¶ https://t.co/E6l2SkKgyr",TSLA,Tesla
121546365,riveramoira,"RT @rafapal: Donald Trump liber√≥ antes de ayer una patente de energ√≠a libre de Tesla, 1888. El ser humano recobra la libertad!!!",TSLA,Tesla
212169372,EchosEntreprise,Un nouveau Tweet d'Elon Musk fait plonger Tesla en bourse https://t.co/POfH5e7aGG https://t.co/KYj9iecEQn,TSLA,Tesla
942148466322608130,SleepyBuritos,"RT @DreamWasTaken: @elonmusk Could easily get a Minecraft multiplayer working on Tesla‚Äôs, have lots of creative ideas already. Could even t‚Ä¶",TSLA,Tesla
289368262,pepitajimenez03,"RT @reptiIoide: @alberto_dahik Energ√≠a el√©ctrica: la corriente alterna fue estudiada y ""controlada"" por Tesla, cuyo objetivo era dar luz el‚Ä¶",TSLA,Tesla
3288270693,isomaxx03,@Pablo__PK @foroelectricos El Tesla semi ya bordea lo q necesita un camionero (9 horas de conducci√≥n diaria a 90 km‚Ä¶ https://t.co/jou28XAfgd,TSLA,Tesla
2565185426,RichardJowsey,#tesla #electricitymarkets #benefitfm https://t.co/FbpPa3ybsi +44 (0) 7534465576 or email Richardjowsey@benefitfm.c‚Ä¶ https://t.co/OqPi5SqyYh,TSLA,Tesla
897211944314183680,Nixons_Head_,@ex_Tesla We all know a billionaire who puts on a batman suit before he goes to save humanity with his very helpful‚Ä¶ https://t.co/YhcfOjD1Mj,TSLA,Tesla
327322508,Reenath,RT @TheTeslaLife: The #ModelY basically gets a free 60 second advertisement on Fox and Friends because of Elon‚Äôs controversial tweets https‚Ä¶,TSLA,Tesla
1020078867569102848,greenstorm2030,RT @FullyChargedDan: ‚ÄúTesla is seeking to become an energy provider in the UK.‚Äù https://t.co/LqigwrGf9r,TSLA,Tesla
1239300547250962437,I13590193,"RT @Investingcom: *ELON MUSK TWEET WIPES $14 BILLION OFF TESLA'S VALUE

https://t.co/uNf8ygJNQZ

$TSLA
$TSLAQ https://t.co/E7hOIgppNe",TSLA,Tesla
1064624538556801024,cyrilbruyneel,RT @mithunoorath: Some blamed his Q1 response on lockdown as he might miss big check if Tesla can‚Äôt open sooner. So he is indirectly saying‚Ä¶,TSLA,Tesla
3071009129,xgummi,"RT @MarcDeMesel: ""Berkshire has never invested in Tesla, but the company held $1.57 billion of General Motors Company (NYSE: GM) stock as o‚Ä¶",TSLA,Tesla
515949774,daninovaro,"@remo_checola @cris_cersei @SplendorSolis00 Haha, vediamo in italia dove va la benzina...

Tesla vende in asia solo‚Ä¶ https://t.co/pZgr3B2O8k",TSLA,Tesla
1120397350764150784,actutesla,@ChakalitoRe @_Max_lG Volontiers :) Surtout que Tesla devrait annoncer une batterie qui doit tenir un millions de k‚Ä¶ https://t.co/0Iqr237hW5,TSLA,Tesla
1256326964018905089,uomoincomune,"@lucasofri (ripeto copincolla) gmbloddo! Dietro il #Dpcm4maggio #Covid19 #Fase2 l‚Äôombra di Elon Musk, Tesla #guidaautonoma",TSLA,Tesla
945618257771364352,electrauto_eu,"RT @EVNewsDaily: Not sure how I feel about calling an electrical motor an ‚Äúengine‚Äù. But otherwise an excellent take on XC40 Recharge.

‚ÄúA g‚Ä¶",TSLA,Tesla
2269394786,LindaBibeau2,"RT @LauraWesterberg: @wyatt1070 Time travel...yes. How did this artist, a friend of our President's Uncle John Trump (who was a good friend‚Ä¶",TSLA,Tesla
33854548,markunst,@leosinedino @Tesla Essa Kombi... ‚ù§Ô∏èüòç‚ù§Ô∏è,TSLA,Tesla
180501721,kernelofwisdom,@EveryoneSaysHi1 To be fair Tesla has caused a lot of dents.,TSLA,Tesla
1188620619916726272,FamiliarSinns,RT @elonmusk: Tesla stock price is too high imo,TSLA,Tesla
2967412817,arax73,"@Iperbole_ Ed io che gi√† sognavo di andare in giro con la Tesla, guida autonoma, io dietro insieme a Taylor Jackson ü§£ ü§£ ü§£",TSLA,Tesla
51627027,LauraWesterberg,@DorotheaDankow3 Check out Tesla's work. Wizard: The Life and Times of Nikola Tesla. Anti gravity. Time Travel. He developed AC/DC current.,TSLA,Tesla
1016059981907386368,teslaownersSV,@tesla_raj @sudzam @slye https://t.co/WdqliU296U,TSLA,Tesla
1152072066121654272,GuardianSylveon,"RT @vexwerewolf: No matter how much of a failure you think you are, you will almost certainly never lose $14,000,000,000 by tweeting https:‚Ä¶",TSLA,Tesla
285225214,notacapulet,@mattmcfarland Did you read Tesla‚Äôs release notes re: stopping at traffic controls?  Motorists are expected to conf‚Ä¶ https://t.co/XgwrNoI42t,TSLA,Tesla
3051234947,ArtisanLoaf,"@ex_Tesla @gwestr @KingPickleRick1 When your Tesla with beta features behaves erratically and inconsistently...

'O‚Ä¶ https://t.co/cSu2VUr6Uy",TSLA,Tesla
740055668,lhansen0,"RT @SamTalksTesla: Oh jeez, this guy goes on @CNBC talking about Tesla in the S+P 500 ü§¶üèª‚Äç‚ôÇÔ∏è He makes decisions with other people‚Äôs money wi‚Ä¶",TSLA,Tesla
19479649,sbalatan,"$TSLA - Tesla isn‚Äôt a car company.  They are a Toy Company for rich people. If it breaks, too bad.  Buy another one‚Ä¶ https://t.co/3yPZq7Sqxb",TSLA,Tesla
1080944590444683264,weirdestboner69,RT @Dinnerbone: @elonmusk Send me a Tesla and I'll see what I can do üëÄ,TSLA,Tesla
593162543,Fly_Malcolm_X,Oh you just reminded me I need to wash my Tesla today https://t.co/Pe9NB6Qf7P,TSLA,Tesla
1215246858735452161,perditaminna,"RT @RoselS19: Donald Trump erhielt neulich Spott und Verachtung von den Mainstream-Medien und den Propaganda-Promis, weil er im Rahmen der‚Ä¶",TSLA,Tesla
253703055,stiff_tha_godz,@elonmusk Lemme get a Tesla,TSLA,Tesla
315370058,WaydeAlexander,Nikola Tesla had a  car in the early 1900s that ran on batteries  charges from the sky.,TSLA,Tesla
3986989348,hans_gloly,"RT @theneedledrop: @DustBunnyss @elonmusk @Grimezsz Stay cucked, dummy. He just wants Tesla‚Äôs stock to keep growing and is ignoring growing‚Ä¶",TSLA,Tesla
2759312697,JotaGe2014,"Tecnolog√≠a: La bater√≠a Tesla que permitir√° 1,6 millones de kil√≥metros de vida √∫til https://t.co/qlLlHUFozz https://t.co/MViCfcZqaC",TSLA,Tesla
981482336,Arin_Raquel,"my mind really drives itself, like tesla",TSLA,Tesla
707768414778032128,Mr_Sullivan_CEO,"RT @vexwerewolf: No matter how much of a failure you think you are, you will almost certainly never lose $14,000,000,000 by tweeting https:‚Ä¶",TSLA,Tesla
426808574,SannaNino,"RT @martasilvaluis: ‚ÄúMr. #Tesla welcome to #Edison Electric, we make a minor #invention every ten days and a major one every six months.‚Äù @‚Ä¶",TSLA,Tesla
968125340848549888,Tesla_yoon,"RT @magayura_noda: „Ç¢„Éä„Ç¶„É≥„ÇπÈÅÖ„Åè„Å™„Çä„Åæ„Åó„Åü„ÄÇ
ËæõÊä±„ÅØÁ∂ö„Åç„Åæ„Åô„ÄÇ

„Åù„Åó„Å¶„ÄÅ„Åì„Å£„Åù„ÇäMagaYura„ÅØ‰ªäÊúà„Åß1Âπ¥ÁõÆ„ÇíËøé„Åà„Åæ„Åó„Åü„ÄÇ
„ÅÑ„Çç„Çì„Å™Âà∂‰Ωú„ÇÑË®àÁîª„ÄÅ‰ªäÂæå„Å´Âêë„Åë‰ºÅ„Å¶„Å¶ÂèÇ„Çä„Åæ„Åô„ÄÇ
„ÅäÂÆ¢„Åï„Çì„ÇÇ„Ç¢„Éº„ÉÜ„Ç£„Çπ„Éà„ÅÆÁöÜ„Åï„Çì„ÇÇ„ÄÅ„Å©„ÅÜ„ÅãÂÖÉÊ∞ó„Åß‰ºö„ÅÑ„Åæ„Åó„Çá„ÅÜ„ÄÇ
„Åì„Çå„Åã„Çâ„ÇÇLive-‚Ä¶",TSLA,Tesla
969332782055948288,moumouflons,"@elonmusk bout to get slapped by legal 
https://t.co/5Muqwe4s7l",TSLA,Tesla
802441606246912000,alibaba13371,"RT @Tesla: Model Y deliveries begin!

https://t.co/ZhuiM5MTOf https://t.co/3gX6MBPmhp",TSLA,Tesla
1168274368004263938,Nintan20,Med facit i hand. Vilken aktie √ÖNGRA ni att ni inte k√∂pte vid dippen i mars? Personligen la jag k√∂p p√• tesla 320 us‚Ä¶ https://t.co/Z0tZ73Bj7t,TSLA,Tesla
3360484437,StrivenB,"Unlike most other companies Tesla's goal is not to maximize profits, it is to maximize customer happiness. Ironical‚Ä¶ https://t.co/Jwe8hS5g4i",TSLA,Tesla
995458317634830336,rocobasilisk,RT @baller89: Tesla Model Y accidentally gets great advertisement from mainstream media | TESLARATI https://t.co/5M69k0kPRM via Teslarati,TSLA,Tesla
1222549322509758469,RR7_RR7_,@elonmusk YES! every charging station as futuristic cards or devices you can collect via app that you can trade or‚Ä¶ https://t.co/csN1KRDyyV,TSLA,Tesla
1171554061398794240,Dr_apiigi,RT @baller89: Tesla Model Y accidentally gets great advertisement from mainstream media | TESLARATI https://t.co/5M69k0kPRM via Teslarati,TSLA,Tesla
232267260,darrylwortham,https://t.co/4iauWy6zL5,TSLA,Tesla
93321789,abrahaovieira,"RT @Investingcom: *ELON MUSK TWEET WIPES $14 BILLION OFF TESLA'S VALUE

https://t.co/uNf8ygJNQZ

$TSLA
$TSLAQ https://t.co/E7hOIgppNe",TSLA,Tesla
1233269613753815041,lentini_j,@elonmusk I could see @Tesla pairing with @NintendoAmerica to allow your favorite Mario Kart character that serves‚Ä¶ https://t.co/J5FEd2k1eQ,TSLA,Tesla
230583895,kingkakay,Im bouta put down my down payment n pre order the Tesla truck this week,TSLA,Tesla
48730104,KURIERat,Tesla-Chef Musks seltsame Tweets lassen Aktie abst√ºrzen https://t.co/lN4IxKbQnc,TSLA,Tesla
832150268460544000,NegDiscountRt,@KingPickleRick1 @realChaoZhou @ThemeTeamWP is definitely a nasty shill and very close to Elon - if not Elon himsel‚Ä¶ https://t.co/BijAffjFdY,TSLA,Tesla
1061504849420836865,tesla_raj,@sudzam @slye @teslaownersSV I think eventually this will come via future software update,TSLA,Tesla
952755407788826624,CodingMark,@SamTalksTesla @elonmusk @teslaownersSV @flcnhvy @thirdrowtesla @vincent13031925 @Kristennetten @Sofiaan @SjvTesla‚Ä¶ https://t.co/DgZvyTTWqg,TSLA,Tesla
1169951027702972419,yoli_gir,"RT @rafapal: Donald Trump liber√≥ antes de ayer una patente de energ√≠a libre de Tesla, 1888. El ser humano recobra la libertad!!! https://t.‚Ä¶",TSLA,Tesla
1022495144887631878,VEvening87,@Dinnerbone @elonmusk Knowing @elonmusk he will send you a Tesla,TSLA,Tesla
1006992564321386496,ex_Tesla,"@drvannostril @robinivski @gwestr It's designed with a 100% false positive at green lights.

Why? I have no idea.",TSLA,Tesla
1113621601876971521,itzmilliardo,RT @DanielNewman: Tesla stock after Elon Musk tweets crazy shit  https://t.co/9mQrvSLEtC,TSLA,Tesla
1111983390390132736,ThatKendo,RT @Dinnerbone: @elonmusk Send me a Tesla and I'll see what I can do üëÄ,TSLA,Tesla
1386916916,nisamaarsel,ngomongin mobil tesla kalo dibawa ke samarinda habis batre bingung ngechas dimana. TINGGAL BAWA POWER BANK AJA WKWKWKWKWK GITU AJA NGAKAK,TSLA,Tesla
29717423,lukaspfeiffer,"RT @QSO4YOU: Gef√§hrliche #Rezo Videos?, #gamescom 2020, Cyberbunker, #Tesla Model 3 vs. Nordkapp - Tech Talk #25
‚ñ∫ https://t.co/XxgNMKtT7D‚Ä¶",TSLA,Tesla
4692134492,tombloomfield12,Before Tesla... 1980s Electric Cars (EVs Part 2) https://t.co/exFaq2rkKC via @YouTube,TSLA,Tesla
859404687291932673,ThisGuyfromME,@shaunking @ex_Tesla Do we know where this data come from as it is vastly different than the US CDC or the Worldome‚Ä¶ https://t.co/mLfcaHcyeW,TSLA,Tesla
336777092,Cowcumber,"@mcjamez @OfficialABQ @Tesla Clean energy. 

Bob Galyen, CTO of CATL battery manufacturer in China says that 1.3M C‚Ä¶ https://t.co/LZL11tZR38",TSLA,Tesla
5404442,asemota,@Texazzpete @spacelyn Lol! It goes beyond that. It is also how every custom component interfaces with it. Tesla bui‚Ä¶ https://t.co/TkDC0mhd6p,TSLA,Tesla
44756936,Pooshd,@elonmusk @Tesla Any possibility of having real-time access to Sentry Mode clips via the app? Kind of like a having‚Ä¶ https://t.co/LY6lb8HYyW,TSLA,Tesla
2933795455,pairdpt,RT @sluggishgods: (‡∏™‡∏õ‡∏≠‡∏¢‡∏•‡πå) ‡∏Å‡πá‡∏Ñ‡∏∑‡∏≠‡πÄ‡∏´‡πá‡∏ô‡∏Ñ‡∏ô‡∏™‡∏ô‡πÉ‡∏à‡πÄ‡∏¢‡∏≠‡∏∞‡∏°‡∏≤‡∏Å555 ‡∏à‡∏∞‡∏°‡∏≤‡∏•‡∏á‡∏î‡∏µ‡πÄ‡∏ó‡∏•‡πÄ‡∏£‡∏∑‡πà‡∏≠‡∏á free energy(‡∏û‡∏•‡∏±‡∏á‡∏á‡∏≤‡∏ô‡∏ü‡∏£‡∏µ) ‡πÄ‡∏õ‡πá‡∏ô‡∏Ç‡∏≠‡∏á nicholas tesla theory ‡∏ó‡∏µ‡πà‡∏Ñ‡∏¥‡∏î‡∏°‡∏≤‡πÑ‡∏î‡πâ‡∏ï‡∏±‡πâ‚Ä¶,TSLA,Tesla
878057393246138368,BiometricGlass,"RT @rafapal: Donald Trump liber√≥ antes de ayer una patente de energ√≠a libre de Tesla, 1888. El ser humano recobra la libertad!!!",TSLA,Tesla
3323270594,sandyb432,"RT @CruzUsmc: @tyler_casper I'm a crappy welder, but I can solder like I'm Nikola Tesla's son.üëç",TSLA,Tesla
1232396574610714625,reisswins,"RT @LauraWesterberg: @wyatt1070 Time travel...yes. How did this artist, a friend of our President's Uncle John Trump (who was a good friend‚Ä¶",TSLA,Tesla
978308951287705602,ItzLevvie,RT @Dinnerbone: @elonmusk Send me a Tesla and I'll see what I can do üëÄ,TSLA,Tesla
1411556474,cyberkabe,RT @ElonMuskNewsOrg: Tesla Model Y accidentally gets great advertisement from mainstream media  https://t.co/2xJdw87KC5,TSLA,Tesla
168014117,cleidesf,"@MahKrochinski @LionelMedia Pois √©, tem tanta coisa a√≠ para ser pesquisada: project blue Beam, anunnaki, Nikola Tesla",TSLA,Tesla
3922425683,rick_scinta,Seeing lots of online ordering commercials  for Autos with participating ‚Äúdealers‚Äù.  Good thing they haven‚Äôt given‚Ä¶ https://t.co/jCDunjUAM2,TSLA,Tesla
1059441661699350533,TeranceKgokolo,"RT @Investingcom: *ELON MUSK TWEET WIPES $14 BILLION OFF TESLA'S VALUE

https://t.co/uNf8ygJNQZ

$TSLA
$TSLAQ https://t.co/E7hOIgppNe",TSLA,Tesla
1073677134038790145,semraaozd,"RT @fizikcicooper: ‚ö°Tesla , Sheldon Cooper'in √ßakmasƒ±dƒ±r.  ‚ö° https://t.co/XFGgZnwWr0",TSLA,Tesla
1199030060994293762,newzealand5eye1,"RT @LauraWesterberg: @wyatt1070 Time travel...yes. How did this artist, a friend of our President's Uncle John Trump (who was a good friend‚Ä¶",TSLA,Tesla
702960730719522816,Penthouse_Kellz,RT @All_Things_Vain: @elonmusk When oracles for @Tesla bro https://t.co/g8F8M7Lu6C,TSLA,Tesla
2840637634,JLMPiraux,RT @lincepost: Les conducteurs de #Tesla sont ceux qui roulent le plus #automobile #ecolomaispastrop https://t.co/1yyWEoZy9a,TSLA,Tesla
491327766,Josem_nuwanda,6. Una explicaci√≥n de la que ha liado (otra vez) Elon Musk esta semana y c√≥mo los accionistas de Tesla est√°n tirand‚Ä¶ https://t.co/U2H4U8H3L6,TSLA,Tesla
132617060,cajadehu,"RT @vexwerewolf: No matter how much of a failure you think you are, you will almost certainly never lose $14,000,000,000 by tweeting https:‚Ä¶",TSLA,Tesla
1247033669782401024,tech_newworld,RT @startup_nomad: https://t.co/gHFrFJFu6E #startup #elonmusk #business #tech,TSLA,Tesla
1256326964018905089,uomoincomune,"@DaliaDaliaanfo gmbloddo! Dietro il #Dpcm4maggio #Covid19 #Fase2 l‚Äôombra di Elon Musk, Tesla #guidaautonoma",TSLA,Tesla
1192620548712325121,CruzUsmc,"@tyler_casper I'm a crappy welder, but I can solder like I'm Nikola Tesla's son.üëç",TSLA,Tesla
1471218552,MONTALVOGuille,RT @WorldEnergyTrad: Unos impresionantes 1.6 millones de kil√≥metros ser√° la vida √∫til de la nueva bater√≠a de #TESLA !!! #Battery #storage #‚Ä¶,TSLA,Tesla
20406225,leslySarahKe,RT @Ohikoa1: USA LIBERA PATENTE DE NIKOLA TESLA. LA HUMANIDAD PODR√Å DISFRUTAR DE LA ENERG√çA LIBRE!!!! https://t.co/FMUg8qNpUg,TSLA,Tesla
204259877,Alandbru,"RT @XHNews: Tesla said its production rate of Model 3 sedans in Shanghai gigafactory will top 4,000 units per week by mid-2020 https://t.co‚Ä¶",TSLA,Tesla
3227896861,monkey_musings,RT @Benshooter: Wow! Steering wheel fell off a new Tesla. There‚Äôs a nut that fastens the metal frame of the steering wheel to the steering‚Ä¶,TSLA,Tesla
1218156583663951872,minniedonaldo,"Quizz du dimanche #Mavachou
Pourquoi Adristalker fait il cette t√™te ?
1 - il a vu Maeva toucher son q7
2 - il a rep‚Ä¶ https://t.co/CPoz7297cc",TSLA,Tesla
1091800571483443201,jt_light,"RT @LauraWesterberg: @wyatt1070 Time travel...yes. How did this artist, a friend of our President's Uncle John Trump (who was a good friend‚Ä¶",TSLA,Tesla
246589736,PrincessManthaa,"Minding my business, building a business, etcetera. 
Inspired by a few but my mind really drives itself like a Tesla",TSLA,Tesla
529604161,krissieowens,"RT @AwakeningCat: @GnomeDoll @LauraWesterberg @wyatt1070 Exactly! 
The Looking Glass.
Tesla
3 6 9
https://t.co/2RvbdO0hbT",TSLA,Tesla
4692134492,tombloomfield12,Before Tesla... 1960s/70s Electric Cars (EVs Part 1) https://t.co/ARdpPCIAei via @YouTube,TSLA,Tesla
3224574135,iJaredDaley,@elonmusk If you do this can you send me a red Tesla model X white 6 seater interior and possibly autopilot so I test them out for you,TSLA,Tesla
3866531,CesarNspain,"RT @rafapal: Donald Trump liber√≥ antes de ayer una patente de energ√≠a libre de Tesla, 1888. El ser humano recobra la libertad!!! https://t.‚Ä¶",TSLA,Tesla
596044588,claulicci,"RT @rafapal: Donald Trump liber√≥ antes de ayer una patente de energ√≠a libre de Tesla, 1888. El ser humano recobra la libertad!!!",TSLA,Tesla
700189963648798721,Femto_Tesla,"RT @_taroshin_: „Äå„Éï„É©„É≥„ÅÆÂë≥„Äç
„Çπ„Ç´„Éº„É¨„ÉÉ„ÉàÂßâÂ¶π„Å´„ÅØ„ÄÅ„Åì„Çì„Å™ÊÑü„Åò„ÅÆ„Åö„Å£„Å®„Éê„Ç´ÂßâÂ¶π„Åß„ÅÑ„Å¶„Åª„Åó„ÅÑ„ÄÇ https://t.co/5F4qMmEoln",TSLA,Tesla
1244338652370608136,TruthBeforeFear,"RT @ClearanceCosmic: Trump signed the Bulk Power executive order the SAME DAY as Tesla's electrical grid patent!!!

Is Trumps plan for FREE‚Ä¶",TSLA,Tesla
302183941,wChiwi,RT @Dinnerbone: @elonmusk Send me a Tesla and I'll see what I can do üëÄ,TSLA,Tesla
1006992564321386496,ex_Tesla,"@gwestr @KingPickleRick1 But it stops at some green lights.

What do you want? Something thought through and safe a‚Ä¶ https://t.co/ZeIpSNTzw0",TSLA,Tesla
95555788,libre994,"RT @rafapal: Donald Trump liber√≥ antes de ayer una patente de energ√≠a libre de Tesla, 1888. El ser humano recobra la libertad!!! https://t.‚Ä¶",TSLA,Tesla
25973595,Daawis,"@Soured_Cat @snopes @AijaLynx BMW, Tesla and some others already source their Cobalt from other sources, while Tesl‚Ä¶ https://t.co/NEeuuVizKW",TSLA,Tesla
1104920359252430848,dillinwebster2,On and off like a light switch #tesla work,TSLA,Tesla
1194628650731233280,KingPickleRick1,@1sthand2 @Rancho_Dunbar @RealPontane @Tesla @elonmusk It‚Äôs possible... https://t.co/O8GCc9weo5,TSLA,Tesla
853087964905304064,Hafid002,@CFreour @FanFreour @JolitGuillaume @AutoJournalMag @AutoPlusMag @automobilemag @renaudroubaudi @julienrosburger O√π‚Ä¶ https://t.co/C3XsnE3NDl,TSLA,Tesla
940400908050997248,justin_jaillet,@elonmusk Is it possible to run a server with a Tesla? Hmmm ü§î if you send me a Tesla I promise you I‚Äôll run a Minec‚Ä¶ https://t.co/27Pfg6joaF,TSLA,Tesla
864411241,ShanghaiBeat,Tesla cuts China-made Model 3 price by 10% to qualify for electric car subsidies - https://t.co/AD6erNRksh #Shanghai #China #‰∏äÊµ∑,TSLA,Tesla
529604161,krissieowens,"RT @LauraWesterberg: @wyatt1070 Time travel...yes. How did this artist, a friend of our President's Uncle John Trump (who was a good friend‚Ä¶",TSLA,Tesla
198526689,olitasdmar,"RT @VeteransAlways_: @realDonaldTrump Thank you .@realDonaldTrump for E.O. for ‚ÄúBulk Power‚Äù
#Tesla
#ZeroPointEnergy
#LiberationOfEarth http‚Ä¶",TSLA,Tesla
91913594,Espiritu_Muerto,@KruegerFAngel I just love Tesla!!,TSLA,Tesla
874682409371009024,slikwipman,@holdmyale Now employed at Tesla?,TSLA,Tesla
88714755,neuromancerhu,TES-111 egy Tesla TAXI (budapests√°rga f√≥li√°z√°ssal)! #rendszamszken,TSLA,Tesla
940299133696569344,bakeremily17,Tesla Applies For License To Sell Electricity In UK https://t.co/LZuhPLPXWG https://t.co/kJzuOXN8yC,TSLA,Tesla
800747544124887040,HODLPROFIT,"RT @Chainlinkjunkie: **MISSION FOR ALL $link MARINES**

üëáüèæ
Send 1 daily tweet EVERY day to @elonmusk untill he finally admits all #Tesla ca‚Ä¶",TSLA,Tesla
198526689,olitasdmar,"RT @rafapal: Donald Trump liber√≥ antes de ayer una patente de energ√≠a libre de Tesla, 1888. El ser humano recobra la libertad!!!",TSLA,Tesla
15008538,operatwitt,@BentivogliMarco @giorgio_gori @angeloargento @giudefilippi @LalaHu9 @AlfonsoFuggetta @gloquenzi @lucianocapone‚Ä¶ https://t.co/erdrlelQIn,TSLA,Tesla
2162759863,DouglasDDecker,"@Sofiaan @Tesla Just to be clear to those that think otherwise,  this will provide to the grid, which is still owne‚Ä¶ https://t.co/dEjO4P6Oy6",TSLA,Tesla
1205835305892360192,VXXMega,@ex_Tesla it's interesting because i saw the exact opposite activity on friday evening. such bustling business acti‚Ä¶ https://t.co/NhNEXMvSwc,TSLA,Tesla
49337006,hyper_class_A,"@itsarinadayanaa @wan_tesla @hykldniel Tp ada jg org yg kadang2 tak pandai nak stay at home, tak keluar tekanan la. Nak juga keluar",TSLA,Tesla
34490490,aztecsfla,"RT @AwakeningCat: @GnomeDoll @LauraWesterberg @wyatt1070 Exactly! 
The Looking Glass.
Tesla
3 6 9
https://t.co/2RvbdO0hbT",TSLA,Tesla
2278259810,pbmech,"Cannot find anything Exciting...

Coz:
1) We are waiting for #ZERO ‚≠ïÔ∏è 

2) See our exciting investments, #WFG (scam‚Ä¶ https://t.co/lij6UOh875",TSLA,Tesla
828776229029294080,Gusgus7527,"RT @rafapal: Donald Trump liber√≥ antes de ayer una patente de energ√≠a libre de Tesla, 1888. El ser humano recobra la libertad!!!",TSLA,Tesla
279659759,JGarcia0095,"@elonmusk Hey brother, send a tesla truck to El Salvador I want to drive it..",TSLA,Tesla
860715212172689408,startup_nomad,https://t.co/gHFrFJFu6E #startup #elonmusk #business #tech,TSLA,Tesla
50020266,lincepost,Les conducteurs de #Tesla sont ceux qui roulent le plus #automobile #ecolomaispastrop https://t.co/1yyWEoZy9a,TSLA,Tesla
1083440328215089152,Eliw31032918,RT @Janomine: Discord im Tesla. üëÄ https://t.co/leSC8siqma,TSLA,Tesla
1241110578929729539,CorradoB81,@GioChirilly Sar√† per i possessori di Tesla... con la guida autonoma! üòÇ,TSLA,Tesla
1230493901380890624,DilekBariskendr,RT @fizikist: Tesla bobini kullanarak m√ºzik yapmak. https://t.co/nuO8Zbq9dd,TSLA,Tesla
2956990531,just1nadams2,RT @elonmusk: Tesla stock price is too high imo,TSLA,Tesla
